{
  "accuracy": 0.7402805611222445,
  "precision": 0.9220246238030095,
  "recall": 0.532806324110672,
  "f1": 0.6753507014028056
}